,City,Lat,Lng,Country,Wind,Cloud,Humidity,Max Temp.,Date
0,vila velha,-20.33,-40.29,BR,3.36,90,94,73.4,1606097843
1,sosnovo-ozerskoye,52.52,111.54,RU,12.88,100,95,17.08,1606097843
2,bafq,31.61,55.41,IR,1.48,10,86,43.97,1606097844
3,mataura,-46.19,168.86,NZ,3.0,31,58,59.0,1606097679
4,estelle,29.85,-90.11,US,7.25,0,79,69.01,1606097844
5,sheffield,53.38,-1.47,GB,1.99,3,87,39.0,1606097844
7,buchanan,5.88,-10.05,LR,3.24,20,94,75.2,1606097845
8,aswan,24.09,32.91,EG,8.16,0,49,57.85,1606097845
9,sur,22.57,59.53,OM,2.77,0,51,71.38,1606097845
10,ushuaia,-54.8,-68.3,AR,14.99,75,70,46.4,1606097846
11,aklavik,68.22,-135.01,CA,10.29,99,77,3.2,1606097846
12,padang,-0.95,100.35,ID,1.88,95,76,80.42,1606097681
14,nicolas bravo,18.45,-88.92,MX,3.11,40,94,73.4,1606097846
15,rikitea,-23.12,-134.97,PF,6.2,100,74,74.41,1606097692
16,khatanga,71.97,102.5,RU,18.95,100,96,15.53,1606097847
17,port elizabeth,-33.92,25.57,ZA,3.36,20,93,62.6,1606097547
18,daru,-9.08,143.21,PG,10.58,70,76,83.93,1606097847
19,carthage,36.86,10.33,TN,5.82,40,87,59.0,1606097847
20,seoul,37.57,126.98,KR,3.36,1,59,37.4,1606097848
21,kruisfontein,-34.0,24.73,ZA,1.01,55,95,61.0,1606097847
22,ancud,-41.87,-73.82,CL,5.82,0,81,52.0,1606097848
23,tuatapere,-46.13,167.68,NZ,4.0,96,59,59.0,1606097848
24,plettenberg bay,-34.05,23.37,ZA,3.83,52,76,61.2,1606097848
25,punta arenas,-53.15,-70.92,CL,10.29,75,61,48.2,1606097690
27,san felipe,10.34,-68.74,VE,1.1,100,93,73.33,1606097820
28,avarua,-21.21,-159.78,CK,6.93,100,94,77.0,1606097849
29,jumla,29.27,82.18,NP,3.36,6,52,41.63,1606097849
30,arraial do cabo,-22.97,-42.03,BR,11.81,100,78,71.56,1606097850
31,barranca de upia,4.57,-72.97,CO,3.02,30,81,75.58,1606097850
32,butaritari,3.07,172.79,KI,10.38,89,75,80.89,1606097850
33,peniche,39.36,-9.38,PT,6.08,4,88,52.0,1606097851
34,high level,58.52,-117.14,CA,10.29,90,84,6.8,1606097851
35,pangnirtung,66.15,-65.71,CA,6.76,70,72,-0.47,1606097851
36,motril,36.75,-3.52,ES,3.0,0,74,55.0,1606097851
37,longyearbyen,78.22,15.64,SJ,4.7,75,79,19.4,1606097852
38,kapaa,22.08,-159.32,US,16.11,90,74,78.8,1606097852
39,road town,18.42,-64.62,VG,11.99,5,81,81.0,1606097852
40,meulaboh,4.14,96.13,ID,4.9,94,71,79.56,1606097852
41,tasiilaq,65.61,-37.64,GL,3.36,99,73,21.2,1606097853
42,nuuk,64.18,-51.72,GL,6.93,100,67,23.0,1606097853
43,usinsk,65.99,57.53,RU,21.23,100,96,19.8,1606097853
44,airai,-8.93,125.41,TL,2.89,73,59,77.32,1606097853
45,aktau,43.65,51.2,KZ,11.18,0,42,28.4,1606097854
46,bluff,-46.6,168.33,NZ,3.0,17,58,59.0,1606097682
47,saint-pierre,-21.34,55.48,RE,6.93,68,73,71.6,1606097854
48,hilo,19.73,-155.09,US,14.99,90,88,75.2,1606097854
49,dudinka,69.41,86.18,RU,4.47,75,92,8.6,1606097854
50,lavrentiya,65.58,-171.0,RU,5.75,100,97,32.32,1606097855
51,tokmak,47.25,35.71,UA,6.96,100,93,30.79,1606097855
52,villarrica,-25.75,-56.43,PY,5.19,0,46,71.46,1606097855
53,kiama,-34.68,150.87,AU,11.41,75,61,77.0,1606097855
54,rundu,-17.93,19.77,NA,2.93,99,79,70.77,1606097856
55,ribeira grande,38.52,-28.7,PT,11.41,3,77,62.01,1606097856
56,strezhevoy,60.73,77.59,RU,6.71,90,92,17.6,1606097856
57,qaanaaq,77.48,-69.36,GL,6.91,31,76,0.81,1606097856
58,dikson,73.51,80.55,RU,11.41,34,96,8.58,1606097857
59,camacha,33.08,-16.33,PT,2.24,40,77,64.4,1606097857
60,lompoc,34.64,-120.46,US,9.17,1,82,55.4,1606097693
61,brooks,50.58,-111.89,CA,13.87,100,79,26.6,1606097848
62,elmina,5.09,-1.35,GH,8.19,9,86,78.12,1606097858
63,harper,4.38,-7.72,LR,8.57,100,89,77.77,1606097858
64,awbari,26.59,12.78,LY,10.89,0,56,52.93,1606097858
65,pitogo,13.78,122.09,PH,14.76,10,67,83.57,1606097858
66,hithadhoo,-0.6,73.08,MV,5.03,100,72,82.38,1606097859
67,lebu,-37.62,-73.65,CL,4.38,3,92,52.48,1606097859
68,south yarmouth,41.67,-70.18,US,11.41,90,81,48.99,1606097859
69,walvis bay,-22.96,14.51,NA,4.7,0,93,57.99,1606097859
70,praia da vitoria,38.73,-27.07,PT,7.61,75,87,61.0,1606097860
71,karanja,20.48,77.48,IN,6.29,0,47,61.66,1606097860
72,chumikan,54.72,135.31,RU,24.54,2,88,8.6,1606097860
73,bredasdorp,-34.53,20.04,ZA,2.24,32,93,55.4,1606097860
74,saint-joseph,-21.37,55.62,RE,6.93,73,73,71.6,1606097861
75,matagami,49.75,-77.63,CA,12.75,90,85,23.0,1606097861
76,half moon bay,37.46,-122.43,US,13.87,75,87,53.6,1606097847
77,hobyo,5.35,48.53,SO,14.5,100,81,79.38,1606097861
78,calvinia,-31.47,19.78,ZA,2.01,0,80,51.94,1606097861
79,nikolskoye,59.7,30.79,RU,6.71,75,86,39.99,1606097862
80,evensk,61.95,159.23,RU,10.04,97,89,4.95,1606097862
81,chokurdakh,70.63,147.92,RU,8.52,100,94,2.68,1606097862
82,koungou,-12.73,45.2,YT,5.82,20,78,80.6,1606097862
83,shingu,33.73,135.98,JP,21.92,40,63,62.6,1606097863
84,vostok,46.49,135.88,RU,7.02,11,89,10.83,1606097863
85,jamestown,42.1,-79.24,US,8.05,90,100,45.0,1606097637
86,isabela,6.71,121.97,PH,10.29,40,74,86.0,1606097863
87,baruun-urt,46.68,113.28,MN,12.75,0,89,13.01,1606097863
88,pevek,69.7,170.31,RU,1.01,75,95,13.05,1606097864
89,saint-philippe,-21.36,55.77,RE,6.93,82,73,73.4,1606097864
91,cape canaveral,28.41,-80.6,US,3.36,1,94,71.6,1606097864
92,busselton,-33.65,115.33,AU,3.69,0,40,81.0,1606097864
93,krasnyy chikoy,50.36,108.75,RU,3.42,92,89,16.09,1606097865
94,ossora,59.24,163.07,RU,9.01,52,90,19.6,1606097865
95,puerto ayora,-0.74,-90.35,EC,7.0,49,80,72.0,1606097865
96,cali,3.44,-76.52,CO,12.75,40,69,75.2,1606097608
97,cape town,-33.93,18.42,ZA,4.7,75,82,62.01,1606097866
98,epe,6.58,3.98,NG,3.74,95,90,77.79,1606097866
99,prince rupert,54.32,-130.32,CA,11.41,90,80,42.8,1606097866
100,georgetown,5.41,100.34,MY,6.93,20,94,82.4,1606097762
101,pouebo,-20.4,164.57,NC,8.39,34,63,79.07,1606097867
102,esso,55.93,158.7,RU,9.48,100,92,19.58,1606097867
103,jawhar,2.78,45.5,SO,6.31,97,90,74.05,1606097867
104,chuy,-33.7,-53.46,UY,8.05,0,84,58.33,1606097867
105,olafsvik,64.89,-23.71,IS,10.33,55,83,36.45,1606097867
106,hambantota,6.12,81.12,LK,5.61,75,100,75.2,1606097868
107,rafaela,-31.25,-61.49,AR,1.99,0,37,75.0,1606097868
108,victoria,22.29,114.16,HK,3.0,97,81,73.99,1606097730
109,beloha,-25.17,45.05,MG,11.1,34,77,72.0,1606097868
110,barrow,71.29,-156.79,US,14.99,90,78,17.6,1606097868
111,hobart,-42.88,147.33,AU,17.22,75,67,69.01,1606097866
113,atuona,-9.8,-139.03,PF,15.46,18,72,78.06,1606097869
114,east london,-33.02,27.91,ZA,9.4,100,86,64.9,1606097869
115,lasa,46.62,10.7,IT,6.93,5,50,32.0,1606097869
116,lata,40.16,-8.33,PT,2.82,74,87,46.0,1606097870
117,albany,42.6,-73.97,US,5.01,100,73,43.0,1606097432
118,deputatskiy,69.3,139.9,RU,3.36,100,86,-6.52,1606097870
119,namibe,-15.2,12.15,AO,8.32,24,76,67.73,1606097870
120,san cristobal,7.77,-72.22,VE,1.72,81,89,66.33,1606097870
121,shimoda,34.67,138.95,JP,17.22,40,60,68.0,1606097871
122,lar,26.2,83.97,IN,1.83,0,39,62.24,1606097831
123,bulungu,-4.55,18.6,CD,2.13,90,96,70.14,1606097871
124,chicama,-7.84,-79.15,PE,5.75,34,79,64.15,1606097871
125,yantarnyy,54.87,19.94,RU,20.13,40,87,46.4,1606097871
126,ciudad guayana,8.35,-62.65,VE,4.0,99,89,77.0,1606097872
127,umm lajj,25.02,37.27,SA,7.87,0,38,76.23,1606097872
128,kodiak,57.79,-152.41,US,26.4,90,69,39.2,1606097872
129,luwuk,-0.95,122.79,ID,3.22,99,65,85.75,1606097872
130,new norfolk,-42.78,147.06,AU,1.99,80,52,69.01,1606097767
131,wajima,37.4,136.9,JP,5.82,75,66,50.0,1606097874
132,souillac,-20.52,57.52,MU,9.17,75,83,73.4,1606097874
133,mar del plata,-38.0,-57.56,AR,10.29,0,72,68.0,1606097864
134,zyryanovsk,49.74,84.27,KZ,0.36,93,91,11.93,1606097874
135,constitucion,-35.33,-72.42,CL,12.82,0,85,55.33,1606097875
136,hamilton,39.18,-84.53,US,12.75,90,86,39.99,1606097778
137,talcahuano,-36.72,-73.12,CL,5.82,0,82,59.0,1606097804
138,avera,33.19,-82.53,US,3.36,1,100,60.8,1606097875
139,fort nelson,58.81,-122.7,CA,2.24,20,84,3.2,1606097705
140,sao paulo de olivenca,-3.38,-68.87,BR,1.14,99,91,75.51,1606097876
141,maputo,-25.97,32.59,MZ,8.05,20,94,75.0,1606097876
142,vardo,70.37,31.11,NO,5.3,100,87,34.79,1606097876
143,klaksvik,62.23,-6.59,FO,2.24,10,93,37.4,1606097876
144,linjiang,41.81,126.91,CN,4.14,0,75,26.62,1606097876
145,manokwari,-0.87,134.08,ID,3.85,45,62,85.66,1606097877
146,gigmoto,13.78,124.39,PH,18.16,100,72,80.85,1606097877
147,akoupe,6.39,-3.9,CI,2.06,19,98,71.64,1606097877
148,guerrero negro,27.98,-114.06,MX,13.31,39,82,65.17,1606097878
149,sabang,5.89,95.32,ID,6.35,90,72,80.58,1606097878
150,bosorod,45.68,23.08,RO,0.18,100,90,33.12,1606097878
151,vaini,-21.2,-175.2,TO,8.05,75,69,82.4,1606097878
152,touros,-5.2,-35.46,BR,4.7,20,83,77.0,1606097588
153,gucheng,35.91,111.32,CN,5.23,100,73,35.65,1606097879
154,griffith,41.53,-87.42,US,4.7,90,100,39.2,1606097765
155,severo-kurilsk,50.68,156.12,RU,38.48,73,86,34.18,1606097879
156,verkhnyaya inta,65.98,60.31,RU,9.35,100,92,15.78,1606097879
157,san andres,12.58,-81.7,CO,4.7,75,94,78.8,1606097879
158,fortuna,40.6,-124.16,US,2.71,90,100,48.0,1606097880
159,san carlos de bariloche,-41.15,-71.31,AR,14.99,20,62,53.6,1606097880
160,glubokiy,48.52,40.33,RU,6.17,100,98,24.13,1606097880
161,sukumo,32.93,132.73,JP,12.24,4,62,60.89,1606097880
162,segezha,63.74,34.32,RU,13.27,100,86,38.19,1606097880
163,ransang,8.96,117.58,PH,9.28,35,62,85.41,1606097881
164,belmonte,-15.86,-38.88,BR,2.24,75,88,73.4,1606097881
165,nago,26.59,127.98,JP,14.99,90,88,71.6,1606097881
166,provideniya,64.38,-173.3,RU,5.41,75,94,32.0,1606097881
167,faanui,-16.48,-151.75,PF,6.29,55,71,81.1,1606097882
168,naryan-mar,67.67,53.09,RU,21.77,100,97,25.63,1606097882
169,port alfred,-33.59,26.89,ZA,14.23,98,88,65.7,1606097882
170,santa marta,11.24,-74.2,CO,1.99,7,77,82.99,1606097645
171,norman wells,65.28,-126.83,CA,9.17,40,72,10.4,1606097883
172,iqaluit,63.75,-68.51,CA,2.24,75,62,21.0,1606097883
173,esperance,-33.87,121.9,AU,11.41,0,43,71.6,1606097585
174,lloydminster,53.28,-110.0,CA,16.11,75,92,8.6,1606097831
175,nyurba,63.28,118.33,RU,6.44,100,95,11.97,1606097883
176,nome,64.5,-165.41,US,16.11,90,97,32.0,1606097689
177,ilulissat,69.22,-51.1,GL,11.41,100,48,17.6,1606097884
178,yar-sale,66.83,70.83,RU,14.2,100,96,13.03,1606097884
179,grand gaube,-20.01,57.66,MU,4.0,17,77,73.99,1606097884
180,vila franca do campo,37.72,-25.43,PT,8.05,20,87,60.8,1606097884
181,mazagao,-0.12,-51.29,BR,3.36,90,100,77.0,1606097885
182,tateyama,34.98,139.87,JP,17.22,40,60,69.01,1606097885
183,bilibino,68.05,166.44,RU,1.45,100,91,2.68,1606097885
184,xai-xai,-25.05,33.64,MZ,5.35,59,79,73.47,1606097885
185,santa fe,-31.63,-60.7,AR,5.01,0,42,78.01,1606097885
186,bereda,43.27,-7.54,ES,1.01,0,100,41.0,1606097886
187,thompson,55.74,-97.86,CA,3.36,90,84,-0.4,1606097886
188,mersing,2.43,103.84,MY,2.24,40,100,75.2,1606097675
189,bath,51.38,-2.36,GB,2.64,50,94,45.0,1606097886
190,upernavik,72.79,-56.15,GL,4.43,98,84,18.09,1606097886
191,talaya,61.38,152.75,RU,0.96,100,89,-4.9,1606097887
192,makokou,0.57,12.86,GA,3.11,88,96,68.88,1606097887
193,mahebourg,-20.41,57.7,MU,9.17,75,83,73.4,1606097887
194,heilbron,-27.28,27.97,ZA,9.01,7,91,60.82,1606097887
195,atasu,48.68,71.64,KZ,7.02,100,93,18.68,1606097888
197,big spring,32.25,-101.48,US,25.28,90,87,48.2,1606097888
198,bengkulu,-3.8,102.27,ID,4.79,100,96,74.37,1606097888
199,saskylakh,71.92,114.08,RU,11.52,0,91,3.4,1606097889
200,pisco,-13.7,-76.22,PE,14.99,0,82,64.4,1606097889
201,mogadishu,2.04,45.34,SO,11.32,49,82,79.29,1606097844
202,chiredzi,-21.05,31.67,ZW,3.04,27,78,74.21,1606097889
203,matara,5.95,80.54,LK,2.51,100,87,76.6,1606097889
204,ambunti,-4.24,142.84,PG,2.86,91,80,82.96,1606097890
205,novikovo,51.15,37.89,RU,14.05,95,97,27.14,1606097890
206,tessalit,20.2,1.01,ML,13.27,0,38,58.55,1606097890
207,fare,-16.7,-151.02,PF,8.23,92,71,81.95,1606097890
208,hervey bay,-25.3,152.85,AU,10.29,0,42,84.99,1606097890
209,pangody,65.85,74.49,RU,12.24,84,96,10.11,1606097891
210,svetlaya,46.54,138.33,RU,6.55,10,81,23.5,1606097891
211,bonthe,7.53,-12.51,SL,4.18,34,83,78.44,1606097891
212,saint anthony,45.02,-93.22,US,13.87,90,69,35.6,1606097864
213,kaitangata,-46.28,169.85,NZ,8.01,0,66,55.0,1606097892
214,darovskoy,58.77,47.96,RU,12.17,100,95,23.43,1606097892
215,hermanus,-34.42,19.23,ZA,4.52,99,87,57.99,1606097613
216,rumoi,43.93,141.64,JP,9.4,100,88,33.33,1606097709
217,namikupa,-10.83,39.6,TZ,1.7,20,97,68.88,1606097892
218,callaway,30.15,-85.57,US,3.36,90,73,70.0,1606097753
219,halifax,44.65,-63.57,CA,5.82,100,69,33.8,1606097699
220,rio gallegos,-51.62,-69.22,AR,10.29,0,53,51.8,1606097632
221,boyolangu,-8.12,111.89,ID,3.94,95,69,83.46,1606097893
222,husavik,66.04,-17.34,IS,10.78,0,92,15.8,1606097893
223,bonavista,48.65,-53.11,CA,6.93,26,79,19.4,1606097894
224,asau,46.43,26.4,RO,2.24,0,92,30.2,1606097894
225,tiksi,71.69,128.87,RU,5.3,8,89,-6.41,1606097894
226,alofi,-19.06,-169.92,NU,8.05,90,78,80.6,1606097895
228,lypnyazhka,48.45,31.08,UA,9.6,100,88,33.44,1606097613
229,iquique,-20.22,-70.14,CL,4.7,90,72,64.4,1606097700
230,boguchany,58.38,97.45,RU,5.46,86,95,15.8,1606097895
231,acapulco,16.86,-99.89,MX,12.75,40,83,82.4,1606097896
232,mokhsogollokh,61.47,128.92,RU,1.77,95,90,-8.36,1606097896
233,catumbela,-12.43,13.55,AO,3.76,100,81,75.0,1606097732
234,marsh harbour,26.54,-77.06,BS,11.18,0,79,77.25,1606097896
235,cidreira,-30.18,-50.21,BR,14.0,4,70,66.2,1606097684
236,roald,62.58,6.13,NO,13.87,100,75,42.8,1606097897
237,yerbogachen,61.28,108.01,RU,9.46,100,96,17.87,1606097788
238,nanortalik,60.14,-45.24,GL,17.22,100,91,30.38,1606097898
239,alta floresta,-9.88,-56.09,BR,4.52,100,95,72.86,1606097898
240,mahibadhoo,3.78,72.97,MV,5.01,57,72,81.79,1606097898
241,benguela,-12.58,13.41,AO,4.47,100,78,75.16,1606097899
242,egvekinot,66.32,-179.17,RU,8.81,100,98,21.47,1606097899
243,independencia,-5.4,-40.31,BR,11.54,43,61,78.91,1606097899
244,scarborough,54.28,-0.4,GB,4.0,0,86,39.0,1606097705
245,port lincoln,-34.73,135.87,AU,15.5,0,59,65.32,1606097686
246,sola,-13.88,167.55,VU,11.41,83,80,79.5,1606097900
247,maldonado,-34.67,-54.92,UY,17.22,0,77,64.4,1606097900
248,botigues,11.1,123.67,PH,20.89,100,82,81.7,1606097900
249,mosquera,4.71,-74.23,CO,2.24,75,87,57.2,1606097900
250,tommot,58.96,126.29,RU,6.51,100,95,18.09,1606097901
251,abalak,58.13,68.59,RU,5.75,57,95,12.45,1606097901
252,castro,-24.79,-50.01,BR,8.01,2,97,57.11,1606097880
253,flinders,-34.58,150.86,AU,11.41,75,61,77.0,1606097901
254,smolenka,52.14,113.5,RU,8.95,40,74,28.4,1606097902
255,richards bay,-28.78,32.04,ZA,4.05,98,88,68.23,1606097902
256,ngerengere,-6.75,38.12,TZ,1.86,18,95,72.01,1606097788
257,cabo san lucas,22.89,-109.91,MX,3.36,5,65,78.8,1606097723
258,yellowknife,62.46,-114.35,CA,13.87,90,84,3.2,1606097902
259,florida,28.75,-82.5,US,5.82,90,94,69.8,1606097903
261,upata,8.01,-62.4,VE,4.0,84,89,77.0,1606097903
262,komsomolskiy,40.43,71.72,UZ,2.24,63,92,26.6,1606097903
263,uren,57.46,45.79,RU,12.15,100,96,25.21,1606097903
264,codrington,-38.27,141.97,AU,15.14,78,76,62.76,1606097904
265,flin flon,54.77,-101.86,CA,1.41,0,92,-0.85,1606097705
266,uyuni,-20.46,-66.83,BO,8.16,1,50,53.53,1606097904
267,lichinga,-13.31,35.24,MZ,10.29,0,72,66.2,1606097904
268,karratha,-20.74,116.85,AU,11.86,0,49,90.05,1606097755
269,siniscola,40.57,9.69,IT,1.12,0,93,37.4,1606097905
270,ponta do sol,32.67,-17.1,PT,5.82,20,77,64.4,1606097905
271,sembe,1.65,14.58,CG,1.57,86,89,71.13,1606097905
272,caxito,-8.58,13.66,AO,6.93,75,83,78.8,1606097905
273,torbay,47.67,-52.73,CA,5.82,20,73,25.0,1606097906
274,hay river,60.82,-115.8,CA,9.17,100,84,6.8,1606097706
275,port hardy,50.7,-127.42,CA,21.92,90,93,44.6,1606097906
276,cayenne,4.93,-52.33,GF,9.15,90,100,77.0,1606097906
277,korla,41.76,86.15,CN,1.59,100,78,20.37,1606097906
278,katsuura,35.13,140.3,JP,19.46,20,48,66.0,1606097907
279,xining,36.62,101.77,CN,0.78,100,88,20.68,1606097907
280,kangundo,-1.3,37.35,KE,5.82,20,82,62.6,1606097907
281,christchurch,-43.53,172.63,NZ,6.93,96,62,55.99,1606097728
283,verkhnevilyuysk,63.45,120.32,RU,1.81,100,94,4.96,1606097908
284,fuquay-varina,35.58,-78.8,US,2.24,100,90,60.01,1606097708
285,nalut,30.33,10.85,LY,2.37,17,80,48.97,1606097908
286,smithers,54.78,-127.17,CA,4.7,90,94,32.0,1606097670
288,pakdasht,35.48,51.68,IR,2.1,90,87,44.6,1606097909
289,atherton,53.52,-2.49,GB,1.01,64,87,39.99,1606097642
290,tuktoyaktuk,69.45,-133.04,CA,12.75,5,84,-0.4,1606097910
291,baykit,61.67,96.37,RU,5.79,66,93,14.4,1606097910
292,kamaishi,39.27,141.88,JP,10.29,75,53,50.0,1606097910
293,kaihua,23.37,104.28,CN,9.84,73,77,65.14,1606097910
294,haines junction,60.75,-137.51,CA,2.24,100,83,-9.4,1606097910
295,broken hill,-31.95,141.43,AU,20.8,75,60,73.4,1606097911
296,kenai,60.55,-151.26,US,6.93,1,68,32.0,1606097911
297,bah,26.87,78.6,IN,0.31,0,34,58.32,1606097911
298,porto-vecchio,41.59,9.28,FR,5.82,0,81,42.8,1606097911
299,zalari,53.56,102.51,RU,5.1,84,93,23.85,1606097911
300,bubaque,11.28,-15.83,GW,11.01,74,77,82.42,1606097912
301,sinnamary,5.38,-52.95,GF,7.18,100,89,76.12,1606097912
302,canberra,-35.28,149.13,AU,17.22,90,77,68.0,1606097702
303,cherskiy,68.75,161.3,RU,6.33,100,94,5.25,1606097912
304,shihezi,44.3,86.03,CN,4.94,9,81,17.83,1606097912
305,conceicao da barra,-18.59,-39.73,BR,8.99,99,92,71.28,1606097913
306,luderitz,-26.65,15.16,NA,8.05,0,87,57.2,1606097913
307,ulaangom,49.98,92.07,MN,2.75,77,94,9.97,1606097913
309,crateus,-5.18,-40.68,BR,3.04,1,45,82.06,1606097913
310,bairiki,1.33,172.98,KI,8.05,20,62,86.0,1606097914
311,eyl,7.98,49.82,SO,11.25,67,81,76.59,1606097914
312,williams lake,52.14,-122.14,CA,6.93,75,96,32.0,1606097914
313,port augusta,-32.5,137.77,AU,20.8,90,77,72.0,1606097914
314,puerto carreno,6.19,-67.49,CO,4.47,38,84,78.21,1606097914
315,atambua,-9.11,124.89,ID,2.28,68,53,88.41,1606097915
316,udhampur,32.93,75.13,IN,9.98,100,47,53.47,1606097915
317,mount gambier,-37.83,140.77,AU,17.22,90,72,64.4,1606097915
318,haapiti,-17.57,-149.87,PF,5.82,75,66,86.0,1606097915
319,saint-augustin,51.23,-58.65,CA,7.09,0,91,18.77,1606097916
320,tashtyp,52.79,89.9,RU,1.72,100,96,24.49,1606097916
321,laguna,38.42,-121.42,US,2.68,1,62,55.99,1606097743
322,emba,48.83,58.14,KZ,2.17,100,89,17.35,1606097917
323,comarapa,-17.9,-64.48,BO,1.16,2,71,60.28,1606097917
324,bissau,11.86,-15.6,GW,9.1,16,82,77.5,1606097917
326,bethel,41.37,-73.41,US,9.17,90,87,48.0,1606097917
327,buin,-33.73,-70.75,CL,10.29,0,37,68.0,1606097919
328,belo oriente,-19.22,-42.48,BR,2.1,81,83,69.06,1606097919
329,ambon,-3.7,128.18,ID,4.7,40,63,93.2,1606097919
330,westport,41.14,-73.36,US,21.92,90,81,53.6,1606097644
331,bambous virieux,-20.34,57.76,MU,9.17,75,83,73.99,1606097919
332,henties bay,-22.12,14.28,NA,1.99,5,90,57.99,1606097920
333,viseu,40.66,-7.91,PT,1.01,71,92,46.0,1606097920
334,aleksandrovka,46.84,32.76,UA,11.01,52,86,35.01,1606097920
335,morros,-9.45,-46.3,BR,2.13,100,93,72.7,1606097920
336,pacifica,37.61,-122.49,US,14.99,20,76,53.6,1606097920
337,okhotsk,59.38,143.3,RU,17.58,93,87,1.96,1606097921
338,do gonbadan,30.36,50.8,IR,2.42,20,93,55.4,1606097921
339,gorontalo,0.54,123.06,ID,1.59,97,68,86.61,1606097828
341,aksarka,66.56,67.8,RU,14.88,100,96,13.44,1606097922
342,itarema,-2.92,-39.92,BR,14.25,21,76,79.84,1606097922
343,joao pinheiro,-17.74,-46.17,BR,6.42,0,94,68.11,1606097922
344,buala,-8.14,159.59,SB,3.53,64,68,84.87,1606097922
345,gornorechenskiy,44.26,135.11,RU,10.78,0,84,21.07,1606097923
346,ulagan,50.63,87.96,RU,0.78,99,81,15.51,1606097923
347,cockburn town,21.46,-71.14,TC,3.11,90,72,80.47,1606097923
348,aleksandrov gay,50.15,48.57,RU,10.04,99,98,27.37,1606097923
349,mitsamiouli,-11.38,43.28,KM,10.4,1,80,79.95,1606097923
350,hortolandia,-22.86,-47.22,BR,20.8,0,72,66.2,1606097924
351,harur,12.07,78.5,IN,5.82,40,73,69.8,1606097924
352,sobolevo,54.43,31.9,RU,14.47,100,97,36.25,1606097924
353,anadyr,64.75,177.48,RU,13.42,40,92,26.6,1606097924
354,otane,-39.88,176.63,NZ,6.46,73,48,61.47,1606097924
355,grenada,37.19,-3.61,ES,1.63,0,100,41.0,1606097925
356,kishtwar,33.32,75.77,IN,0.92,100,76,38.25,1606097925
357,ucluelet,48.93,-125.55,CA,2.84,20,100,44.01,1606097835
358,piatra soimului,46.83,26.43,RO,2.24,0,92,30.2,1606097925
359,tautira,-17.73,-149.15,PF,5.82,75,66,86.0,1606097925
360,vao,-22.67,167.48,NC,14.85,0,77,72.03,1606097926
361,shyryayeve,47.38,30.2,UA,7.63,100,94,32.32,1606097926
362,tiznit,29.58,-9.5,MA,2.91,10,35,60.1,1606097926
363,te anau,-45.42,167.72,NZ,5.82,99,44,58.59,1606097926
364,abashiri,44.02,144.27,JP,14.99,40,74,35.01,1606097926
365,port blair,11.67,92.75,IN,6.04,100,76,82.63,1606097927
366,kokoda,-8.88,147.74,PG,2.35,96,64,82.8,1606097927
367,amio,9.36,122.94,PH,11.41,90,79,84.2,1606097927
368,constantine,36.37,6.61,DZ,9.17,75,93,46.4,1606097867
369,kawalu,-7.38,108.21,ID,2.37,95,63,83.95,1606097928
370,kuopio,62.89,27.68,FI,11.41,90,93,37.4,1606097928
371,uruzgan,32.83,66.0,AF,1.92,100,90,39.61,1606097928
372,kahului,20.89,-156.47,US,26.4,40,65,80.6,1606097855
373,sungaipenuh,-2.08,101.38,ID,1.61,100,95,67.14,1606097929
374,kyaka,-1.25,31.42,TZ,1.9,0,89,61.92,1606097929
375,ulladulla,-35.35,150.47,AU,11.41,75,61,77.0,1606097929
376,acandi,8.51,-77.28,CO,3.89,6,88,76.89,1606097930
377,mercedes,-34.65,-59.43,AR,4.0,0,59,71.01,1606097930
378,honiara,-9.43,159.95,SB,4.7,20,70,87.8,1606097930
379,necochea,-38.55,-58.74,AR,20.27,83,62,73.0,1606097930
380,manadhoo,5.77,73.38,MV,13.85,19,76,82.0,1606097930
381,kazan,55.79,49.12,RU,13.42,0,79,21.2,1606097931
382,turukhansk,65.82,87.98,RU,4.88,97,95,3.88,1606097931
383,cheremushskiy,61.27,47.26,RU,11.83,100,96,25.27,1606097931
384,grindavik,63.84,-22.43,IS,8.05,40,82,32.0,1606097931
385,weiser,44.25,-116.97,US,5.03,1,69,33.8,1606097932
386,grand baie,-20.02,57.58,MU,4.0,19,77,73.99,1606097932
387,wahpeton,46.27,-96.61,US,9.17,90,79,26.6,1606097932
388,carbonear,47.73,-53.21,CA,5.82,20,73,24.01,1606097932
389,jiaozuo,35.24,113.23,CN,3.47,100,71,39.42,1606097932
390,college,64.86,-147.8,US,2.44,80,84,9.0,1606097933
391,rurrenabaque,-14.44,-67.53,BO,1.63,55,60,80.6,1606097693
392,bardiyah,31.76,25.09,LY,11.07,100,75,64.09,1606097933
393,aykhal,66.0,111.5,RU,4.47,0,92,6.8,1606097933
394,ustka,54.58,16.86,PL,22.88,100,70,48.04,1606097933
395,arman,59.7,150.17,RU,9.44,0,86,4.75,1606097934
396,krasnyy kut,50.95,46.97,RU,7.78,100,98,25.45,1606097934
397,ovalle,-30.6,-71.2,CL,2.01,0,77,51.69,1606097934
398,pitea,65.32,21.48,SE,11.41,100,91,32.0,1606097663
399,conceicao do araguaia,-8.26,-49.26,BR,2.04,97,94,72.28,1606097873
400,kaseda,31.42,130.32,JP,14.99,40,67,57.2,1606097935
401,sakakah,29.97,40.21,SA,3.53,0,76,51.8,1606097935
402,gobabis,-22.45,18.97,NA,5.61,1,68,64.4,1606097935
403,turcoaia,45.12,28.18,RO,4.7,83,74,36.0,1606097936
404,sept-iles,50.2,-66.38,CA,1.12,100,62,24.8,1606097726
405,natal,-5.79,-35.21,BR,8.05,0,78,78.8,1606097735
406,kamiiso,41.82,140.65,JP,17.22,75,65,41.0,1606097936
407,namie,37.48,141.0,JP,1.01,0,41,60.01,1606097937
408,nizhniy kuranakh,58.84,125.49,RU,10.92,100,95,19.42,1606097937
409,pacific grove,36.62,-121.92,US,8.05,75,81,54.0,1606097803
410,buarcos,40.17,-8.88,PT,2.24,61,100,48.99,1606097937
411,te karaka,-38.47,177.87,NZ,6.76,100,33,63.86,1606097937
412,zyryanka,65.75,150.85,RU,13.42,100,93,-0.62,1606097938
413,melukote,12.66,76.65,IN,4.03,43,88,61.12,1606097938
414,pemberton,50.32,-122.8,CA,2.93,90,75,36.0,1606097705
415,carutapera,-1.2,-46.02,BR,6.8,100,80,79.45,1606097938
416,muros,42.78,-9.06,ES,4.74,1,93,54.0,1606097939
417,shelburne,44.08,-80.2,CA,9.89,100,93,30.99,1606097939
418,comodoro rivadavia,-45.87,-67.5,AR,6.93,0,42,68.0,1606097720
419,kuytun,54.34,101.5,RU,7.23,100,98,24.66,1606097939
420,santa maria,-29.68,-53.81,BR,16.11,0,60,69.8,1606097940
421,poyarkovo,49.6,128.68,RU,9.08,100,95,18.14,1606097940
422,sterling,39.01,-77.43,US,8.59,90,76,55.99,1606097940
423,suntar,62.14,117.63,RU,7.52,98,95,14.72,1606097940
424,along,28.17,94.77,IN,1.01,3,73,53.62,1606097941
425,fresnillo,23.17,-102.88,MX,4.7,5,36,62.6,1606097707
426,sitka,57.05,-135.33,US,11.41,90,80,41.0,1606097941
427,kitale,1.02,35.01,KE,1.79,4,81,55.42,1606097941
428,bourg-en-bresse,46.17,5.17,FR,1.25,3,95,30.0,1606097941
429,yorkton,51.22,-102.47,CA,4.7,90,85,10.4,1606097942
430,kumluca,36.37,30.29,TR,2.37,0,48,60.93,1606097942
431,soeng sang,14.43,102.46,TH,5.82,0,88,80.01,1606097942
432,kurilsk,45.23,147.88,RU,13.15,100,88,32.0,1606097942
433,riachao das neves,-11.75,-44.91,BR,1.41,46,92,70.32,1606097943
434,forest grove,45.52,-123.11,US,2.06,90,93,39.2,1606097943
435,fort morgan,40.25,-103.8,US,9.17,1,33,30.2,1606097943
436,zhigansk,66.77,123.37,RU,7.43,93,90,-7.76,1606097943
437,mayumba,-3.43,10.66,GA,6.6,97,89,76.8,1606097943
438,cerritos,33.86,-118.06,US,5.7,20,77,60.8,1606097944
439,the valley,18.22,-63.06,AI,1.99,0,79,80.01,1606097887
440,nsoko,-27.03,31.95,SZ,1.52,85,91,69.55,1606097944
441,boende,-0.22,20.87,CD,1.32,84,97,71.1,1606097944
442,kisangani,0.52,25.2,CD,1.39,95,86,71.2,1606097944
443,williamsport,41.24,-77.0,US,4.7,90,75,46.99,1606097741
444,kloulklubed,7.04,134.26,PW,8.05,75,74,86.0,1606097945
445,pontes e lacerda,-15.23,-59.34,BR,1.83,11,53,77.9,1606097861
446,holly hill,29.24,-81.04,US,10.29,40,100,68.0,1606097765
447,inta,66.03,60.17,RU,12.64,100,92,17.35,1606097945
448,risor,58.72,9.23,NO,20.33,100,80,39.99,1606097946
450,iaciara,-14.1,-46.63,BR,3.74,91,93,70.36,1606097946
451,sambava,-14.27,50.17,MG,8.9,11,87,73.18,1606097946
452,batagay-alyta,67.8,130.41,RU,0.74,0,87,-15.68,1606097946
453,tual,-5.67,132.75,ID,6.71,100,71,83.88,1606097947
454,kavieng,-2.57,150.8,PG,9.6,62,64,84.97,1606097947
455,zabaykalsk,49.63,117.32,RU,16.08,6,93,16.43,1606097947
456,yuzhno-kurilsk,44.03,145.86,RU,17.16,99,85,33.67,1606097947
457,hofn,64.25,-15.21,IS,9.98,96,91,33.51,1606097947
458,ambikapur,23.12,83.2,IN,2.46,0,50,57.2,1606097948
459,christiana,-27.91,25.16,ZA,9.48,0,77,67.33,1606097948
460,jeronimo monteiro,-20.79,-41.4,BR,1.3,100,88,68.27,1606097763
461,elko,41.0,-115.5,US,5.82,1,40,33.8,1606097705
462,coquimbo,-29.95,-71.34,CL,9.17,23,87,57.2,1606097885
463,ileza,61.05,43.9,RU,10.96,100,97,26.01,1606097949
464,nisia floresta,-6.09,-35.21,BR,8.05,0,78,78.8,1606097949
465,caucaia,-3.74,-38.65,BR,12.75,40,78,81.0,1606097949
466,bandarbeyla,9.49,50.81,SO,13.87,96,74,77.52,1606097949
467,lorengau,-2.02,147.27,PG,8.7,100,63,85.8,1606097950
468,huangzhai,38.08,112.66,CN,6.71,0,49,26.6,1606097950
469,sioux lookout,50.1,-91.92,CA,10.29,90,78,15.8,1606097950
470,scottsbluff,41.87,-103.67,US,10.29,1,46,36.0,1606097896
471,foumban,5.73,10.9,CM,3.15,96,66,65.55,1606097951
472,cabra,37.47,-4.44,ES,1.12,0,93,41.0,1606097951
473,moose factory,51.26,-80.61,CA,12.75,90,96,33.8,1606097951
474,sawakin,19.11,37.33,SD,10.2,69,72,76.42,1606097951
475,grass valley,39.22,-121.06,US,1.81,75,66,51.01,1606097723
476,cairns,-16.92,145.77,AU,12.75,40,55,89.01,1606097684
477,port hedland,-20.32,118.57,AU,13.87,31,36,93.2,1606097952
478,conde,-7.26,-34.91,BR,8.05,20,78,78.8,1606097952
479,hirara,24.8,125.28,JP,14.99,75,94,77.0,1606097952
480,pangai,-19.8,-174.35,TO,4.7,75,69,80.6,1606097953
481,sault sainte marie,46.52,-84.33,CA,5.82,90,74,37.4,1606097832
482,bukachacha,52.98,116.92,RU,2.33,100,86,15.73,1606097953
483,bacolod,10.67,122.95,PH,15.93,100,81,80.71,1606097953
484,kalispell,48.2,-114.31,US,0.45,1,100,28.99,1606097953
485,genhe,50.78,121.52,CN,3.31,0,88,14.05,1606097954
486,safranbolu,41.25,32.69,TR,2.33,0,92,33.01,1606097954
487,tagusao,9.19,117.81,PH,9.75,51,67,84.4,1606097954
488,san patricio,28.02,-97.52,US,4.7,75,73,72.0,1606097954
489,george,-33.96,22.46,ZA,3.36,95,93,57.2,1606097902
490,kondinskoye,59.65,67.41,RU,9.01,67,94,15.44,1606097955
491,isangel,-19.55,169.27,VU,9.17,75,58,86.0,1606097955
492,kieta,-6.22,155.63,PG,3.67,41,57,85.75,1606097955
493,leningradskiy,69.38,178.42,RU,4.52,52,97,22.08,1606097955
494,auki,-8.77,160.7,SB,3.98,48,67,84.6,1606097956
495,benidorm,38.54,-0.13,ES,2.35,0,85,50.0,1606097849
496,sosua,19.77,-70.52,DO,4.29,75,94,78.8,1606097956
497,qaqortoq,60.72,-46.03,GL,3.36,100,67,23.0,1606097956
498,cruz alta,-28.64,-53.61,BR,13.24,0,70,63.23,1606097956
499,ambovombe,-25.17,46.08,MG,9.15,45,90,70.84,1606097957
500,uramita,6.9,-76.17,CO,0.85,98,79,71.37,1606097957
501,samarai,-10.62,150.67,PG,12.1,80,78,81.86,1606097957
502,japura,-0.32,102.35,ID,3.15,99,87,78.08,1606097957
503,saldanha,-33.01,17.94,ZA,2.24,14,87,53.6,1606097957
504,nakusp,50.25,-117.8,CA,2.24,100,86,33.8,1606097958
505,gunjur,13.2,-16.73,GM,9.01,0,94,75.2,1606097958
506,ostrovnoy,68.05,39.51,RU,22.7,97,85,35.53,1606097958
507,katangli,51.71,143.23,RU,14.25,0,84,17.76,1606097958
508,doha,25.29,51.53,QA,9.17,0,64,73.4,1606097703
510,kalmunai,7.42,81.82,LK,12.44,100,88,76.19,1606097959
511,shahreza,32.03,51.88,IR,3.69,19,88,36.0,1606097959
512,ladovskaya balka,45.63,41.4,RU,9.17,36,97,32.02,1606097959
513,chara,56.91,118.26,RU,4.43,8,83,8.47,1606097960
514,los llanos de aridane,28.66,-17.92,ES,8.05,0,72,68.0,1606097960
515,sibu,2.3,111.82,MY,5.82,20,88,78.8,1606097960
516,caravelas,-17.71,-39.25,BR,8.01,100,95,73.35,1606097961
517,hami,42.8,93.45,CN,4.36,0,62,21.76,1606097961
518,caxias,38.7,-9.28,PT,3.0,6,60,59.0,1606097961
519,narsaq,60.92,-46.05,GL,3.36,100,67,23.0,1606097961
520,parksville,49.32,-124.32,CA,19.46,98,81,44.6,1606097961
521,clyde river,70.47,-68.59,CA,35.57,90,92,5.0,1606097962
522,bathsheba,13.22,-59.52,BB,20.8,75,74,78.8,1606097962
523,la ronge,55.1,-105.28,CA,5.82,90,84,1.4,1606097962
524,kurchum,48.57,83.65,KZ,5.75,0,87,17.46,1606097962
525,porto walter,-8.27,-72.74,BR,0.98,93,94,73.65,1606097963
526,kununurra,-15.77,128.73,AU,5.82,0,59,89.6,1606097963
527,naze,28.37,129.48,JP,16.11,75,77,71.6,1606097963
528,meadow lake,34.8,-106.54,US,25.28,90,65,46.99,1606097706
529,andilamena,-17.02,48.58,MG,3.51,96,92,62.65,1606097963
531,la asuncion,11.03,-63.86,VE,16.15,100,83,79.74,1606097964
532,kasumkent,41.68,48.15,RU,1.92,98,84,38.88,1606097964
533,hastings,50.86,0.57,GB,4.16,41,74,46.99,1606097964
534,portland,45.52,-122.68,US,1.01,100,92,42.01,1606097462
536,wamba,8.93,8.6,NG,4.79,100,40,75.33,1606097965
537,taitung,22.76,121.14,TW,11.41,75,78,77.0,1606097965
538,tonekabon,36.82,50.87,IR,5.23,0,87,50.0,1606097966
539,mattru,7.62,-11.83,SL,0.74,18,94,73.92,1606097966
540,srednekolymsk,67.45,153.68,RU,7.85,100,94,5.34,1606097966
541,talnakh,69.49,88.4,RU,4.47,75,92,8.6,1606097967
542,bud,39.45,-86.18,US,3.36,90,86,39.99,1606097967
543,lagoa,39.05,-27.98,PT,8.84,10,75,61.93,1606097967
544,parrita,9.52,-84.32,CR,3.36,90,100,69.8,1606097967
545,sao filipe,14.9,-24.5,CV,4.12,71,76,76.98,1606097967
546,palmer,42.16,-72.33,US,8.05,90,81,44.01,1606097968
547,makakilo city,21.35,-158.09,US,11.41,40,61,82.4,1606097968
548,okha,53.57,142.95,RU,21.14,99,94,17.73,1606097968
549,patti,31.28,74.86,IN,2.53,75,93,53.6,1606097969
550,athabasca,54.72,-113.29,CA,6.93,100,85,15.8,1606097969
551,bilma,18.69,12.92,NE,1.79,0,33,61.09,1606097969
552,pakxe,15.12,105.78,LA,2.24,20,73,77.0,1606097969
553,celendin,-6.87,-78.15,PE,2.71,82,85,54.81,1606097970
554,bhanpura,24.51,75.75,IN,5.64,0,43,56.35,1606097970
555,ixtapa,20.7,-105.2,MX,4.7,5,78,79.0,1606097686
556,salalah,17.02,54.09,OM,5.82,0,69,78.8,1606097970
557,margate,51.38,1.39,GB,1.99,1,84,48.0,1606097970
558,dawlatabad,36.41,64.91,AF,2.13,100,85,27.95,1606097971
559,hammerfest,70.66,23.68,NO,5.82,75,100,30.2,1606097971
560,camana,-16.62,-72.71,PE,5.73,73,76,64.42,1606097971
561,kathmandu,27.72,85.32,NP,2.24,20,93,46.4,1606097823
562,san quintin,30.48,-115.95,MX,8.25,69,85,62.02,1606097972
563,erzin,36.96,36.2,TR,8.99,0,47,53.01,1606097972
564,vouliagmeni,37.82,23.78,GR,8.05,20,66,53.01,1606097972
565,primorsk,46.73,36.34,UA,9.48,100,79,36.55,1606097972
566,acarau,-2.89,-40.12,BR,14.63,35,76,79.77,1606097972
567,mehamn,71.04,27.85,NO,5.26,100,88,34.56,1606097973
568,rocha,-34.48,-54.33,UY,7.23,0,92,54.7,1606097973
569,kidero,42.19,45.96,RU,2.26,79,91,23.65,1606097973
570,horqueta,-23.34,-57.06,PY,1.83,0,50,74.91,1606097973
571,brae,60.4,-1.35,GB,21.92,56,81,46.4,1606097974
